Customer_Id,Customer_Type,Region,Fresh,Milk,Canned,Frozen,Detergents_Paper,Cooked_Meat
5321,Retail,Dublin,12669,9656,7561,214,2674,1338
5322,Retail,Dublin,7057,9810,9568,1762,3293,1776
5323,Retail,Dublin,6353,8808,7684,2405,3516,7844
5324,Hotel/Restaurant/Cafe,Dublin,13265,1196,4221,6404,507,1788
5325,Retail,Dublin,22615,5410,7198,3915,1777,5185
5326,Retail,Dublin,9413,8259,5126,666,1795,1451
5327,Retail,Dublin,12126,3199,6975,480,3140,545
5328,Retail,Dublin,7579,4956,9426,1669,3321,2566
5329,Hotel/Restaurant/Cafe,Dublin,5963,3648,6192,425,1716,750
5330,Retail,Dublin,6006,11093,18881,1159,7425,2098
5331,Retail,Dublin,3366,5403,12974,4400,5977,1744
5332,Retail,Dublin,13146,1124,4523,1420,549,497
5333,Retail,Dublin,31714,12319,11757,287,3881,2931
5334,Retail,Dublin,21217,6208,14982,3095,6707,602
5335,Retail,Dublin,24653,9465,12091,294,5058,2168
5336,Hotel/Restaurant/Cafe,Dublin,10253,1114,3821,397,964,412
5337,Retail,Dublin,1020,8816,12121,134,4508,1080
5338,Hotel/Restaurant/Cafe,Dublin,5876,6157,2933,839,370,4478
5339,Retail,Dublin,18601,6327,10099,2205,2767,3181
5340,Hotel/Restaurant/Cafe,Dublin,7780,2495,9464,669,2518,501
5341,Retail,Dublin,17546,4519,4602,1066,2259,2124
5342,Hotel/Restaurant/Cafe,Dublin,5567,871,2010,3383,375,569
5343,Hotel/Restaurant/Cafe,Dublin,31276,1917,4469,9408,2381,4334
5344,Retail,Dublin,26373,36423,22019,5154,4337,16523
5345,Retail,Dublin,22647,9776,13792,2915,4482,5778
5346,Retail,Dublin,16165,4230,7595,201,4003,57
5347,Hotel/Restaurant/Cafe,Dublin,9898,961,2861,3151,242,833
5348,Hotel/Restaurant/Cafe,Dublin,14276,803,3045,485,100,518
5349,Retail,Dublin,4113,20484,25957,1158,8604,5206
5350,Hotel/Restaurant/Cafe,Dublin,43088,2100,2609,1200,1107,823
5351,Hotel/Restaurant/Cafe,Dublin,18815,3610,11107,1148,2134,2963
5352,Hotel/Restaurant/Cafe,Dublin,2612,4339,3133,2088,820,985
5353,Hotel/Restaurant/Cafe,Dublin,21632,1318,2886,266,918,405
5354,Hotel/Restaurant/Cafe,Dublin,29729,4786,7326,6130,361,1083
5355,Hotel/Restaurant/Cafe,Dublin,1502,1979,2262,425,483,395
5356,Retail,Dublin,688,5491,11091,833,4239,436
5357,Hotel/Restaurant/Cafe,Dublin,29955,4362,5428,1729,862,4626
5358,Retail,Dublin,15168,10556,12477,1920,6506,714
5359,Retail,Dublin,4591,15729,16709,33,6956,433
5360,Hotel/Restaurant/Cafe,Dublin,56159,555,902,10002,212,2916
5361,Hotel/Restaurant/Cafe,Dublin,24025,4332,4757,9510,1145,5864
5362,Hotel/Restaurant/Cafe,Dublin,19176,3065,5956,2033,2575,2802
5363,Retail,Dublin,10850,7555,14961,188,6899,46
5364,Retail,Dublin,630,11095,23998,787,9529,72
5365,Retail,Dublin,9670,7027,10471,541,4618,65
5366,Retail,Dublin,5181,22044,21531,1740,7353,4985
5367,Retail,Dublin,3103,14069,21955,1668,6792,1452
5368,Retail,Dublin,44466,54259,55571,7782,24171,6465
5369,Retail,Dublin,11519,6152,10868,584,5121,1476
5370,Retail,Dublin,4967,21412,28921,1798,13583,1163
5371,Hotel/Restaurant/Cafe,Dublin,6269,1095,1980,3860,609,2162
5372,Hotel/Restaurant/Cafe,Dublin,3347,4051,6996,239,1538,301
5373,Retail,Dublin,40721,3916,5876,532,2587,1278
5374,Retail,Dublin,491,10473,11532,744,5611,224
5375,Hotel/Restaurant/Cafe,Dublin,27329,1449,1947,2436,204,1333
5376,Hotel/Restaurant/Cafe,Dublin,5264,3683,5005,1057,2024,1130
5377,Retail,Dublin,4098,29892,26866,2616,17740,1340
5378,Retail,Dublin,5417,9933,10487,38,7572,1282
5379,Hotel/Restaurant/Cafe,Dublin,13779,1970,1648,596,227,436
5380,Hotel/Restaurant/Cafe,Dublin,6137,5360,8040,129,3084,1603
5381,Retail,Dublin,8590,3045,7854,96,4095,225
5382,Retail,Dublin,35942,38369,59598,3254,26701,2017
5383,Retail,Dublin,7823,6245,6544,4154,4074,964
5384,Retail,Dublin,9396,11601,15775,2896,7677,1295
5385,Hotel/Restaurant/Cafe,Dublin,4760,1227,3250,3724,1247,1145
5386,Retail,Dublin,85,20959,45828,36,24231,1423
5387,Hotel/Restaurant/Cafe,Dublin,9,1534,7417,175,3468,27
5388,Retail,Dublin,19913,6759,13462,1256,5141,834
5389,Hotel/Restaurant/Cafe,Dublin,2446,7260,3993,5870,788,3095
5390,Hotel/Restaurant/Cafe,Dublin,8352,2820,1293,779,656,144
5391,Hotel/Restaurant/Cafe,Dublin,16705,2037,3202,10643,116,1365
5392,Hotel/Restaurant/Cafe,Dublin,18291,1266,21042,5373,4173,14472
5393,Hotel/Restaurant/Cafe,Dublin,4420,5139,2661,8872,1321,181
5394,Retail,Dublin,19899,5332,8713,8132,764,648
5395,Retail,Dublin,8190,6343,9794,1285,1901,1780
5396,Hotel/Restaurant/Cafe,Dublin,20398,1137,3,4407,3,975
5397,Hotel/Restaurant/Cafe,Dublin,717,3587,6532,7530,529,894
5398,Retail,Dublin,12205,12697,28540,869,12034,1009
5399,Hotel/Restaurant/Cafe,Dublin,10766,1175,2067,2096,301,167
5400,Hotel/Restaurant/Cafe,Dublin,1640,3259,3655,868,1202,1653
5401,Hotel/Restaurant/Cafe,Dublin,7005,829,3009,430,610,529
5402,Retail,Dublin,219,9540,14403,283,7818,156
5403,Retail,Dublin,10362,9232,11009,737,3537,2342
5404,Hotel/Restaurant/Cafe,Dublin,20874,1563,1783,2320,550,772
5405,Retail,Dublin,11867,3327,4814,1178,3837,120
5406,Retail,Dublin,16117,46197,92780,1026,40827,2944
5407,Retail,Dublin,22925,73498,32114,987,20070,903
5408,Hotel/Restaurant/Cafe,Dublin,43265,5025,8117,6312,1579,14351
5409,Hotel/Restaurant/Cafe,Dublin,7864,542,4042,9735,165,46
5410,Hotel/Restaurant/Cafe,Dublin,24904,3836,5330,3443,454,3178
5411,Hotel/Restaurant/Cafe,Dublin,11405,596,1638,3347,69,360
5412,Hotel/Restaurant/Cafe,Dublin,12754,2762,2530,8693,627,1117
5413,Retail,Dublin,9198,27472,32034,3232,18906,5130
5414,Hotel/Restaurant/Cafe,Dublin,11314,3090,2062,35009,71,2698
5415,Retail,Dublin,5626,12220,11323,206,5038,244
5416,Hotel/Restaurant/Cafe,Dublin,3,2920,6252,440,223,709
5417,Retail,Dublin,23,2616,8118,145,3874,217
5418,Hotel/Restaurant/Cafe,Dublin,403,254,610,774,54,63
5419,Hotel/Restaurant/Cafe,Dublin,503,112,778,895,56,132
5420,Hotel/Restaurant/Cafe,Dublin,9658,2182,1909,5639,215,323
5421,Retail,Dublin,11594,7779,12144,3252,8035,3029
5422,Retail,Dublin,1420,10810,16267,1593,6766,1838
5423,Retail,Dublin,2932,6459,7677,2561,4573,1386
5424,Hotel/Restaurant/Cafe,Dublin,56082,3504,8906,18028,1480,2498
5425,Hotel/Restaurant/Cafe,Dublin,14100,2132,3445,1336,1491,548
5426,Hotel/Restaurant/Cafe,Dublin,15587,1014,3970,910,139,1378
5427,Retail,Dublin,1454,6337,10704,133,6830,1831
5428,Retail,Dublin,8797,10646,14886,2471,8969,1438
5429,Retail,Dublin,1531,8397,6981,247,2505,1236
5430,Retail,Dublin,1406,16729,28986,673,836,3
5431,Hotel/Restaurant/Cafe,Dublin,11818,1648,1694,2276,169,1647
5432,Retail,Dublin,12579,11114,17569,805,6457,1519
5433,Hotel/Restaurant/Cafe,Dublin,19046,2770,2469,8853,483,2708
5434,Hotel/Restaurant/Cafe,Dublin,14438,2295,1733,3220,585,1561
5435,Hotel/Restaurant/Cafe,Dublin,18044,1080,2000,2555,118,1266
5436,Hotel/Restaurant/Cafe,Dublin,11134,793,2988,2715,276,610
5437,Hotel/Restaurant/Cafe,Dublin,11173,2521,3355,1517,310,222
5438,Hotel/Restaurant/Cafe,Dublin,6990,3880,5380,1647,319,1160
5439,Hotel/Restaurant/Cafe,Dublin,20049,1891,2362,5343,411,933
5440,Hotel/Restaurant/Cafe,Dublin,8258,2344,2147,3896,266,635
5441,Hotel/Restaurant/Cafe,Dublin,17160,1200,3412,2417,174,1136
5442,Hotel/Restaurant/Cafe,Dublin,4020,3234,1498,2395,264,255
5443,Hotel/Restaurant/Cafe,Dublin,12212,201,245,1991,25,860
5444,Retail,Dublin,11170,10769,8814,2194,1976,143
5445,Hotel/Restaurant/Cafe,Dublin,36050,1642,2961,4787,500,1621
5446,Hotel/Restaurant/Cafe,Dublin,76237,3473,7102,16538,778,918
5447,Hotel/Restaurant/Cafe,Dublin,19219,1840,1658,8195,349,483
5448,Retail,Dublin,21465,7243,10685,880,2386,2749
5449,Hotel/Restaurant/Cafe,Dublin,140,8847,3823,142,1062,3
5450,Hotel/Restaurant/Cafe,Dublin,42312,926,1510,1718,410,1819
5451,Hotel/Restaurant/Cafe,Dublin,7149,2428,699,6316,395,911
5452,Hotel/Restaurant/Cafe,Dublin,2101,589,314,346,70,310
5453,Hotel/Restaurant/Cafe,Dublin,14903,2032,2479,576,955,328
5454,Hotel/Restaurant/Cafe,Dublin,9434,1042,1235,436,256,396
5455,Hotel/Restaurant/Cafe,Dublin,7388,1882,2174,720,47,537
5456,Hotel/Restaurant/Cafe,Dublin,6300,1289,2591,1170,199,326
5457,Hotel/Restaurant/Cafe,Dublin,4625,8579,7030,4575,2447,1542
5458,Hotel/Restaurant/Cafe,Dublin,3087,8080,8282,661,721,36
5459,Hotel/Restaurant/Cafe,Dublin,13537,4257,5034,155,249,3271
5460,Hotel/Restaurant/Cafe,Dublin,5387,4979,3343,825,637,929
5461,Hotel/Restaurant/Cafe,Dublin,17623,4280,7305,2279,960,2616
5462,Hotel/Restaurant/Cafe,Dublin,30379,13252,5189,321,51,1450
5463,Hotel/Restaurant/Cafe,Dublin,37036,7152,8253,2995,20,3
5464,Hotel/Restaurant/Cafe,Dublin,10405,1596,1096,8425,399,318
5465,Hotel/Restaurant/Cafe,Dublin,18827,3677,1988,118,516,201
5466,Retail,Dublin,22039,8384,34792,42,12591,4430
5467,Hotel/Restaurant/Cafe,Dublin,7769,1936,2177,926,73,520
5468,Hotel/Restaurant/Cafe,Dublin,9203,3373,2707,1286,1082,526
5469,Hotel/Restaurant/Cafe,Dublin,5924,584,542,4052,283,434
5470,Hotel/Restaurant/Cafe,Dublin,31812,1433,1651,800,113,1440
5471,Hotel/Restaurant/Cafe,Dublin,16225,1825,1765,853,170,1067
5472,Hotel/Restaurant/Cafe,Dublin,1289,3328,2022,531,255,1774
5473,Hotel/Restaurant/Cafe,Dublin,18840,1371,3135,3001,352,184
5474,Hotel/Restaurant/Cafe,Dublin,3463,9250,2368,779,302,1627
5475,Hotel/Restaurant/Cafe,Dublin,622,55,137,75,7,8
5476,Retail,Dublin,1989,10690,19460,233,11577,2153
5477,Retail,Dublin,3830,5291,14855,317,6694,3182
5478,Hotel/Restaurant/Cafe,Dublin,17773,1366,2474,3378,811,418
5479,Retail,Dublin,2861,6570,9618,930,4004,1682
5480,Retail,Dublin,355,7704,14682,398,8077,303
5481,Retail,Dublin,1725,3651,12822,824,4424,2157
5482,Hotel/Restaurant/Cafe,Dublin,12434,540,283,1092,3,2233
5483,Hotel/Restaurant/Cafe,Dublin,15177,2024,3810,2665,232,610
5484,Retail,Dublin,5531,15726,26870,2367,13726,446
5485,Retail,Dublin,5224,7603,8584,2540,3674,238
5486,Retail,Dublin,15615,12653,19858,4425,7108,2379
5487,Retail,Dublin,4822,6721,9170,993,4973,3637
5488,Hotel/Restaurant/Cafe,Dublin,2926,3195,3268,405,1680,693
5489,Hotel/Restaurant/Cafe,Dublin,5809,735,803,1393,79,429
5490,Hotel/Restaurant/Cafe,Dublin,5414,717,2155,2399,69,750
5491,Retail,Dublin,260,8675,13430,1116,7015,323
5492,Retail,Dublin,200,25862,19816,651,8773,6250
5493,Hotel/Restaurant/Cafe,Dublin,955,5479,6536,333,2840,707
5494,Retail,Dublin,514,7677,19805,937,9836,716
5495,Hotel/Restaurant/Cafe,Dublin,286,1208,5241,2515,153,1442
5496,Retail,Dublin,2343,7845,11874,52,4196,1697
5497,Hotel/Restaurant/Cafe,Dublin,45640,6958,6536,7368,1532,230
5498,Hotel/Restaurant/Cafe,Dublin,12759,7330,4533,1752,20,2631
5499,Hotel/Restaurant/Cafe,Dublin,11002,7075,4945,1152,120,395
5500,Hotel/Restaurant/Cafe,Dublin,3157,4888,2500,4477,273,2165
5501,Hotel/Restaurant/Cafe,Dublin,12356,6036,8887,402,1382,2794
5502,Hotel/Restaurant/Cafe,Dublin,112151,29627,18148,16745,4948,8550
5503,Hotel/Restaurant/Cafe,Dublin,694,8533,10518,443,6907,156
5504,Hotel/Restaurant/Cafe,Dublin,36847,43950,20170,36534,239,47943
5505,Hotel/Restaurant/Cafe,Dublin,327,918,4710,74,334,11
5506,Hotel/Restaurant/Cafe,Dublin,8170,6448,1139,2181,58,247
5507,Hotel/Restaurant/Cafe,Dublin,3009,521,854,3470,949,727
5508,Hotel/Restaurant/Cafe,Dublin,2438,8002,9819,6269,3459,3
5509,Retail,Dublin,8040,7639,11687,2758,6839,404
5510,Retail,Dublin,834,11577,11522,275,4027,1856
5511,Hotel/Restaurant/Cafe,Dublin,16936,6250,1981,7332,118,64
5512,Hotel/Restaurant/Cafe,Dublin,13624,295,1381,890,43,84
5513,Hotel/Restaurant/Cafe,Dublin,5509,1461,2251,547,187,409
5514,Retail,Dublin,180,3485,20292,959,5618,666
5515,Hotel/Restaurant/Cafe,Dublin,7107,1012,2974,806,355,1142
5516,Hotel/Restaurant/Cafe,Dublin,17023,5139,5230,7888,330,1755
5517,Hotel/Restaurant/Cafe,Cork,30624,7209,4897,18711,763,2876
5518,Retail,Cork,2427,7097,10391,1127,4314,1468
5519,Hotel/Restaurant/Cafe,Cork,11686,2154,6824,3527,592,697
5520,Hotel/Restaurant/Cafe,Cork,9670,2280,2112,520,402,347
5521,Retail,Cork,3067,13240,23127,3941,9959,731
5522,Retail,Cork,4484,14399,24708,3549,14235,1681
5523,Hotel/Restaurant/Cafe,Cork,25203,11487,9490,5065,284,6854
5524,Hotel/Restaurant/Cafe,Cork,583,685,2216,469,954,18
5525,Hotel/Restaurant/Cafe,Cork,1956,891,5226,1383,5,1328
5526,Retail,Cork,1107,11711,23596,955,9265,710
5527,Hotel/Restaurant/Cafe,Cork,6373,780,950,878,288,285
5528,Retail,Cork,2541,4737,6089,2946,5316,120
5529,Hotel/Restaurant/Cafe,Cork,1537,3748,5838,1859,3381,806
5530,Retail,Cork,5550,12729,16767,864,12420,797
5531,Hotel/Restaurant/Cafe,Cork,18567,1895,1393,1801,244,2100
5532,Retail,Cork,12119,28326,39694,4736,19410,2870
5533,Hotel/Restaurant/Cafe,Cork,7291,1012,2062,1291,240,1775
5534,Hotel/Restaurant/Cafe,Cork,3317,6602,6861,1329,3961,1215
5535,Retail,Cork,2362,6551,11364,913,5957,791
5536,Hotel/Restaurant/Cafe,Cork,2806,10765,15538,1374,5828,2388
5537,Retail,Cork,2532,16599,36486,179,13308,674
5538,Hotel/Restaurant/Cafe,Cork,18044,1475,2046,2532,130,1158
5539,Retail,Cork,18,7504,15205,1285,4797,6372
5540,Hotel/Restaurant/Cafe,Cork,4155,367,1390,2306,86,130
5541,Hotel/Restaurant/Cafe,Cork,14755,899,1382,1765,56,749
5542,Hotel/Restaurant/Cafe,Cork,5396,7503,10646,91,4167,239
5543,Hotel/Restaurant/Cafe,Cork,5041,1115,2856,7496,256,375
5544,Retail,Cork,2790,2527,5265,5612,788,1360
5545,Hotel/Restaurant/Cafe,Cork,7274,659,1499,784,70,659
5546,Hotel/Restaurant/Cafe,Cork,12680,3243,4157,660,761,786
5547,Retail,Cork,20782,5921,9212,1759,2568,1553
5548,Hotel/Restaurant/Cafe,Cork,4042,2204,1563,2286,263,689
5549,Hotel/Restaurant/Cafe,Cork,1869,577,572,950,4762,203
5550,Hotel/Restaurant/Cafe,Cork,8656,2746,2501,6845,694,980
5551,Retail,Cork,11072,5989,5615,8321,955,2137
5552,Hotel/Restaurant/Cafe,Cork,2344,10678,3828,1439,1566,490
5553,Hotel/Restaurant/Cafe,Cork,25962,1780,3838,638,284,834
5554,Hotel/Restaurant/Cafe,Cork,964,4984,3316,937,409,7
5555,Hotel/Restaurant/Cafe,Cork,15603,2703,3833,4260,325,2563
5556,Hotel/Restaurant/Cafe,Cork,1838,6380,2824,1218,1216,295
5557,Hotel/Restaurant/Cafe,Cork,8635,820,3047,2312,415,225
5558,Hotel/Restaurant/Cafe,Cork,18692,3838,593,4634,28,1215
5559,Hotel/Restaurant/Cafe,Cork,7363,475,585,1112,72,216
5560,Hotel/Restaurant/Cafe,Cork,47493,2567,3779,5243,828,2253
5561,Hotel/Restaurant/Cafe,Cork,22096,3575,7041,11422,343,2564
5562,Hotel/Restaurant/Cafe,Cork,24929,1801,2475,2216,412,1047
5563,Hotel/Restaurant/Cafe,Cork,18226,659,2914,3752,586,578
5564,Hotel/Restaurant/Cafe,Cork,11210,3576,5119,561,1682,2398
5565,Hotel/Restaurant/Cafe,Cork,6202,7775,10817,1183,3143,1970
5566,Retail,Cork,3062,6154,13916,230,8933,2784
5567,Hotel/Restaurant/Cafe,Cork,8885,2428,1777,1777,430,610
5568,Hotel/Restaurant/Cafe,Cork,13569,346,489,2077,44,659
5569,Hotel/Restaurant/Cafe,Cork,15671,5279,2406,559,562,572
5570,Hotel/Restaurant/Cafe,Cork,8040,3795,2070,6340,918,291
5571,Hotel/Restaurant/Cafe,Cork,3191,1993,1799,1730,234,710
5572,Retail,Cork,6134,23133,33586,6746,18594,5121
5573,Hotel/Restaurant/Cafe,Cork,6623,1860,4740,7683,205,1693
5574,Hotel/Restaurant/Cafe,Cork,29526,7961,16966,432,363,1391
5575,Hotel/Restaurant/Cafe,Cork,10379,17972,4748,4686,1547,3265
5576,Hotel/Restaurant/Cafe,Cork,31614,489,1495,3242,111,615
5577,Hotel/Restaurant/Cafe,Cork,11092,5008,5249,453,392,373
5578,Hotel/Restaurant/Cafe,Cork,8475,1931,1883,5004,3593,987
5579,Hotel/Restaurant/Cafe,Cork,56083,4563,2124,6422,730,3321
5580,Hotel/Restaurant/Cafe,Cork,53205,4959,7336,3012,967,818
5581,Hotel/Restaurant/Cafe,Cork,9193,4885,2157,327,780,548
5582,Hotel/Restaurant/Cafe,Cork,7858,1110,1094,6818,49,287
5583,Hotel/Restaurant/Cafe,Cork,23257,1372,1677,982,429,655
5584,Hotel/Restaurant/Cafe,Cork,2153,1115,6684,4324,2894,411
5585,Retail,Cork,1073,9679,15445,61,5980,1265
5586,Hotel/Restaurant/Cafe,Cork,5909,23527,13699,10155,830,3636
5587,Retail,Cork,572,9763,22182,2221,4882,2563
5588,Hotel/Restaurant/Cafe,Cork,20893,1222,2576,3975,737,3628
5589,Retail,Cork,11908,8053,19847,1069,6374,698
5590,Hotel/Restaurant/Cafe,Cork,15218,258,1138,2516,333,204
5591,Hotel/Restaurant/Cafe,Cork,4720,1032,975,5500,197,56
5592,Hotel/Restaurant/Cafe,Cork,2083,5007,1563,1120,147,1550
5593,Hotel/Restaurant/Cafe,Cork,514,8323,6869,529,93,1040
5594,Hotel/Restaurant/Cafe,Dublin,36817,3045,1493,4802,210,1824
5595,Hotel/Restaurant/Cafe,Dublin,894,1703,1841,744,759,1153
5596,Hotel/Restaurant/Cafe,Dublin,680,1610,223,862,96,379
5597,Hotel/Restaurant/Cafe,Dublin,27901,3749,6964,4479,603,2503
5598,Hotel/Restaurant/Cafe,Dublin,9061,829,683,16919,621,139
5599,Hotel/Restaurant/Cafe,Dublin,11693,2317,2543,5845,274,1409
5600,Retail,Dublin,17360,6200,9694,1293,3620,1721
5601,Hotel/Restaurant/Cafe,Dublin,3366,2884,2431,977,167,1104
5602,Retail,Dublin,12238,7108,6235,1093,2328,2079
5603,Hotel/Restaurant/Cafe,Dublin,49063,3965,4252,5970,1041,1404
5604,Hotel/Restaurant/Cafe,Dublin,25767,3613,2013,10303,314,1384
5605,Hotel/Restaurant/Cafe,Dublin,68951,4411,12609,8692,751,2406
5606,Hotel/Restaurant/Cafe,Dublin,40254,640,3600,1042,436,18
5607,Hotel/Restaurant/Cafe,Dublin,7149,2247,1242,1619,1226,128
5608,Hotel/Restaurant/Cafe,Dublin,15354,2102,2828,8366,386,1027
5609,Hotel/Restaurant/Cafe,Dublin,16260,594,1296,848,445,258
5610,Hotel/Restaurant/Cafe,Dublin,42786,286,471,1388,32,22
5611,Hotel/Restaurant/Cafe,Dublin,2708,2160,2642,502,965,1522
5612,Hotel/Restaurant/Cafe,Dublin,6022,3354,3261,2507,212,686
5613,Hotel/Restaurant/Cafe,Dublin,2838,3086,4329,3838,825,1060
5614,Retail,Galway,3996,11103,12469,902,5952,741
5615,Hotel/Restaurant/Cafe,Galway,21273,2013,6550,909,811,1854
5616,Retail,Galway,7588,1897,5234,417,2208,254
5617,Hotel/Restaurant/Cafe,Galway,19087,1304,3643,3045,710,898
5618,Retail,Galway,8090,3199,6986,1455,3712,531
5619,Retail,Galway,6758,4560,9965,934,4538,1037
5620,Hotel/Restaurant/Cafe,Galway,444,879,2060,264,290,259
5621,Retail,Galway,16448,6243,6360,824,2662,2005
5622,Retail,Galway,5283,13316,20399,1809,8752,172
5623,Retail,Galway,2886,5302,9785,364,6236,555
5624,Retail,Galway,2599,3688,13829,492,10069,59
5625,Retail,Galway,161,7460,24773,617,11783,2410
5626,Retail,Galway,243,12939,8852,799,3909,211
5627,Retail,Galway,6468,12867,21570,1840,7558,1543
5628,Hotel/Restaurant/Cafe,Galway,17327,2374,2842,1149,351,925
5629,Hotel/Restaurant/Cafe,Galway,6987,1020,3007,416,257,656
5630,Retail,Galway,918,20655,13567,1465,6846,806
5631,Hotel/Restaurant/Cafe,Galway,7034,1492,2405,12569,299,1117
5632,Hotel/Restaurant/Cafe,Galway,29635,2335,8280,3046,371,117
5633,Retail,Galway,2137,3737,19172,1274,17120,142
5634,Hotel/Restaurant/Cafe,Galway,9784,925,2405,4447,183,297
5635,Hotel/Restaurant/Cafe,Galway,10617,1795,7647,1483,857,1233
5636,Retail,Galway,1479,14982,11924,662,3891,3508
5637,Hotel/Restaurant/Cafe,Galway,7127,1375,2201,2679,83,1059
5638,Hotel/Restaurant/Cafe,Galway,1182,3088,6114,978,821,1637
5639,Hotel/Restaurant/Cafe,Galway,11800,2713,3558,2121,706,51
5640,Retail,Galway,9759,25071,17645,1128,12408,1625
5641,Hotel/Restaurant/Cafe,Galway,1774,3696,2280,514,275,834
5642,Hotel/Restaurant/Cafe,Galway,9155,1897,5167,2714,228,1113
5643,Hotel/Restaurant/Cafe,Galway,15881,713,3315,3703,1470,229
5644,Hotel/Restaurant/Cafe,Galway,13360,944,11593,915,1679,573
5645,Hotel/Restaurant/Cafe,Galway,25977,3587,2464,2369,140,1092
5646,Hotel/Restaurant/Cafe,Galway,32717,16784,13626,60869,1272,5609
5647,Hotel/Restaurant/Cafe,Galway,4414,1610,1431,3498,387,834
5648,Hotel/Restaurant/Cafe,Galway,542,899,1664,414,88,522
5649,Hotel/Restaurant/Cafe,Galway,16933,2209,3389,7849,210,1534
5650,Hotel/Restaurant/Cafe,Galway,5113,1486,4583,5127,492,739
5651,Hotel/Restaurant/Cafe,Galway,9790,1786,5109,3570,182,1043
5652,Retail,Galway,11223,14881,26839,1234,9606,1102
5653,Hotel/Restaurant/Cafe,Galway,22321,3216,1447,2208,178,2602
5654,Retail,Galway,8565,4980,67298,131,38102,1215
5655,Retail,Galway,16823,928,2743,11559,332,3486
5656,Retail,Galway,27082,6817,10790,1365,4111,2139
5657,Hotel/Restaurant/Cafe,Galway,13970,1511,1330,650,146,778
5658,Hotel/Restaurant/Cafe,Galway,9351,1347,2611,8170,442,868
5659,Hotel/Restaurant/Cafe,Galway,3,333,7021,15601,15,550
5660,Hotel/Restaurant/Cafe,Galway,2617,1188,5332,9584,573,1942
5661,Retail,Dublin,381,4025,9670,388,7271,1371
5662,Retail,Dublin,2320,5763,11238,767,5162,2158
5663,Hotel/Restaurant/Cafe,Dublin,255,5758,5923,349,4595,1328
5664,Retail,Dublin,1689,6964,26316,1456,15469,37
5665,Hotel/Restaurant/Cafe,Dublin,3043,1172,1763,2234,217,379
5666,Hotel/Restaurant/Cafe,Dublin,1198,2602,8335,402,3843,303
5667,Retail,Dublin,2771,6939,15541,2693,6600,1115
5668,Retail,Dublin,27380,7184,12311,2809,4621,1022
5669,Hotel/Restaurant/Cafe,Dublin,3428,2380,2028,1341,1184,665
5670,Retail,Dublin,5981,14641,20521,2005,12218,445
5671,Hotel/Restaurant/Cafe,Dublin,3521,1099,1997,1796,173,995
5672,Retail,Dublin,1210,10044,22294,1741,12638,3137
5673,Hotel/Restaurant/Cafe,Dublin,608,1106,1533,830,90,195
5674,Retail,Dublin,117,6264,21203,228,8682,1111
5675,Hotel/Restaurant/Cafe,Dublin,14039,7393,2548,6386,1333,2341
5676,Hotel/Restaurant/Cafe,Dublin,190,727,2012,245,184,127
5677,Hotel/Restaurant/Cafe,Dublin,22686,134,218,3157,9,548
5678,Retail,Dublin,37,1275,22272,137,6747,110
5679,Hotel/Restaurant/Cafe,Dublin,759,18664,1660,6114,536,4100
5680,Hotel/Restaurant/Cafe,Dublin,796,5878,2109,340,232,776
5681,Hotel/Restaurant/Cafe,Dublin,19746,2872,2006,2601,468,503
5682,Hotel/Restaurant/Cafe,Dublin,4734,607,864,1206,159,405
5683,Hotel/Restaurant/Cafe,Dublin,2121,1601,2453,560,179,712
5684,Hotel/Restaurant/Cafe,Dublin,4627,997,4438,191,1335,314
5685,Hotel/Restaurant/Cafe,Dublin,2615,873,1524,1103,514,468
5686,Retail,Dublin,4692,6128,8025,1619,4515,3105
5687,Hotel/Restaurant/Cafe,Dublin,9561,2217,1664,1173,222,447
5688,Hotel/Restaurant/Cafe,Dublin,3477,894,534,1457,252,342
5689,Hotel/Restaurant/Cafe,Dublin,22335,1196,2406,2046,101,558
5690,Hotel/Restaurant/Cafe,Dublin,6211,337,683,1089,41,296
5691,Retail,Dublin,39679,3944,4955,1364,523,2235
5692,Hotel/Restaurant/Cafe,Dublin,20105,1887,1939,8164,716,790
5693,Hotel/Restaurant/Cafe,Dublin,3884,3801,1641,876,397,4829
5694,Retail,Dublin,15076,6257,7398,1504,1916,3113
5695,Hotel/Restaurant/Cafe,Dublin,6338,2256,1668,1492,311,686
5696,Hotel/Restaurant/Cafe,Dublin,5841,1450,1162,597,476,70
5697,Retail,Dublin,3136,8630,13586,5641,4666,1426
5698,Hotel/Restaurant/Cafe,Dublin,38793,3154,2648,1034,96,1242
5699,Hotel/Restaurant/Cafe,Dublin,3225,3294,1902,282,68,1114
5700,Retail,Dublin,4048,5164,10391,130,813,179
5701,Hotel/Restaurant/Cafe,Dublin,28257,944,2146,3881,600,270
5702,Hotel/Restaurant/Cafe,Dublin,17770,4591,1617,9927,246,532
5703,Hotel/Restaurant/Cafe,Dublin,34454,7435,8469,2540,1711,2893
5704,Hotel/Restaurant/Cafe,Dublin,1821,1364,3450,4006,397,361
5705,Hotel/Restaurant/Cafe,Dublin,10683,21858,15400,3635,282,5120
5706,Hotel/Restaurant/Cafe,Dublin,11635,922,1614,2583,192,1068
5707,Hotel/Restaurant/Cafe,Dublin,1206,3620,2857,1945,353,967
5708,Hotel/Restaurant/Cafe,Dublin,20918,1916,1573,1960,231,961
5709,Hotel/Restaurant/Cafe,Dublin,9785,848,1172,1677,200,406
5710,Hotel/Restaurant/Cafe,Dublin,9385,1530,1422,3019,227,684
5711,Hotel/Restaurant/Cafe,Dublin,3352,1181,1328,5502,311,1000
5712,Hotel/Restaurant/Cafe,Dublin,2647,2761,2313,907,95,1827
5713,Hotel/Restaurant/Cafe,Dublin,518,4180,3600,659,122,654
5714,Hotel/Restaurant/Cafe,Dublin,23632,6730,3842,8620,385,819
5715,Hotel/Restaurant/Cafe,Dublin,12377,865,3204,1398,149,452
5716,Hotel/Restaurant/Cafe,Dublin,9602,1316,1263,2921,841,290
5717,Retail,Dublin,4515,11991,9345,2644,3378,2213
5718,Hotel/Restaurant/Cafe,Dublin,11535,1666,1428,6838,64,743
5719,Hotel/Restaurant/Cafe,Dublin,11442,1032,582,5390,74,247
5720,Hotel/Restaurant/Cafe,Dublin,9612,577,935,1601,469,375
5721,Hotel/Restaurant/Cafe,Dublin,4446,906,1238,3576,153,1014
5722,Hotel/Restaurant/Cafe,Dublin,27167,2801,2128,13223,92,1902
5723,Hotel/Restaurant/Cafe,Dublin,26539,4753,5091,220,10,340
5724,Hotel/Restaurant/Cafe,Dublin,25606,11006,4604,127,632,288
5725,Hotel/Restaurant/Cafe,Dublin,18073,4613,3444,4324,914,715
5726,Hotel/Restaurant/Cafe,Dublin,6884,1046,1167,2069,593,378
5727,Hotel/Restaurant/Cafe,Dublin,25066,5010,5026,9806,1092,960
5728,Retail,Dublin,7362,12844,18683,2854,7883,553
5729,Retail,Dublin,8257,3880,6407,1646,2730,344
5730,Hotel/Restaurant/Cafe,Dublin,8708,3634,6100,2349,2123,5137
5731,Hotel/Restaurant/Cafe,Dublin,6633,2096,4563,1389,1860,1892
5732,Hotel/Restaurant/Cafe,Dublin,2126,3289,3281,1535,235,4365
5733,Hotel/Restaurant/Cafe,Dublin,97,3605,12400,98,2970,62
5734,Hotel/Restaurant/Cafe,Dublin,4983,4859,6633,17866,912,2435
5735,Hotel/Restaurant/Cafe,Dublin,5969,1990,3417,5679,1135,290
5736,Retail,Dublin,7842,6046,8552,1691,3540,1874
5737,Retail,Dublin,4389,10940,10908,848,6728,993
5738,Hotel/Restaurant/Cafe,Dublin,5065,5499,11055,364,3485,1063
5739,Retail,Dublin,660,8494,18622,133,6740,776
5740,Hotel/Restaurant/Cafe,Dublin,8861,3783,2223,633,1580,1521
5741,Hotel/Restaurant/Cafe,Dublin,4456,5266,13227,25,6818,1393
5742,Retail,Dublin,17063,4847,9053,1031,3415,1784
5743,Hotel/Restaurant/Cafe,Dublin,26400,1377,4172,830,948,1218
5744,Retail,Dublin,17565,3686,4657,1059,1803,668
5745,Retail,Dublin,16980,2884,12232,874,3213,249
5746,Hotel/Restaurant/Cafe,Dublin,11243,2408,2593,15348,108,1886
5747,Hotel/Restaurant/Cafe,Dublin,13134,9347,14316,3141,5079,1894
5748,Hotel/Restaurant/Cafe,Dublin,31012,16687,5429,15082,439,1163
5749,Hotel/Restaurant/Cafe,Dublin,3047,5970,4910,2198,850,317
5750,Hotel/Restaurant/Cafe,Dublin,8607,1750,3580,47,84,2501
5751,Hotel/Restaurant/Cafe,Dublin,3097,4230,16483,575,241,2080
5752,Hotel/Restaurant/Cafe,Dublin,8533,5506,5160,13486,1377,1498
5753,Hotel/Restaurant/Cafe,Dublin,21117,1162,4754,269,1328,395
5754,Hotel/Restaurant/Cafe,Dublin,1982,3218,1493,1541,356,1449
5755,Hotel/Restaurant/Cafe,Dublin,16731,3922,7994,688,2371,838
5756,Hotel/Restaurant/Cafe,Dublin,29703,12051,16027,13135,182,2204
5757,Hotel/Restaurant/Cafe,Dublin,39228,1431,764,4510,93,2346
5758,Retail,Dublin,14531,15488,30243,437,14841,1867
5759,Hotel/Restaurant/Cafe,Dublin,10290,1981,2232,1038,168,2125
5760,Hotel/Restaurant/Cafe,Dublin,2787,1698,2510,65,477,52
